key,2021.09.17.0000.0000,2021.10.26.0000.0000,2021.11.28.0000.0000,2021.12.16.0000.0000,2021.12.24.0000.0000,2022.01.06.0000.0000,2022.01.25.0000.0000,2022.03.01.0000.0000,2022.02.25.0000.0000,2022.03.29.0000.0000,2022.04.07.0000.0000,2022.04.15.0000.0000,2022.04.20.0000.0000
,,,,,,,,,,,,,
_game_ver,cn_5.55,cn_5.57,in_6.00,in_6.01,in_6.05,cn_5.58,in_6.08,in_6.081,cn_6.00,cn_6.01,in_6.1,cn_6.05,in_6.11
,,,,,,,,,,,,,
ActionSend,0x0140,0x0145,0x00CB,0x0188,0x034D,0x02EC,0x008E,0x3e0,0x3c7,0x2fb,0xb8,0x2a0,0x2eb
,,,,,,,,,,,,,
ChatHandler,0x0348,0x026E,0x01CC,0x02F8,0x0276,0x0374,0x01C8,0x026D,0x02E7,0x02f8,,0x01E9,
,,,,,,,,,,,,,
ClientTrigger,0x0270,0x03B9,0x03AC,0x0204,0x00E7,0x007C,0x02F1,0x01F8,0x0315,0x021e,0x28e,0x033D,
,,,,,,,,,,,,,
EventAction,0x011B,0x01DF,0x01BF,,,0x00e2,0x01EA,0x116,0x218,0x38c,0x1a2,0x3c2,0x19e
,,,,,,,,,,,,,
EventFinish,0x00D2,0x00DF,0x023D,0x024C,,0x02E3,0x008D,0x1e9,0x133,0x339,0x94,0x1d3,0x28b
,,,,,,,,,,,,,
EventStart,0x0315,0x02E8,0x00B7,0x01AC,0x0112,0x02BD,0x036b,0xac,0x3a5,0xbe,0x3a3,0x15b,0xa8
,,,,,,,,,,,,,
InventoryModifyHandler,0x039A,0x01D5,0x00A3,0x0097,0x01B9,0x0281,0x0154,0x03E3,0x014D,,,,
,,,,,,,,,,,,,
MarketBoardPurchaseHandler,0x010C,0x03D2,0x00DC,0x00FD,0x0387,0x0111,0x0282,0x0156,0x03B0,0x00D7,0x245,0x01EF,0x037C
,,,,,,,,,,,,,
MarketBoardQueryItemCount,0x0230,0x03CF,,0x03D9,0x0358,0x03D4,0x0327,,0x1cf,0x1dd,0xa9,0x133,0xaf
,,,,,,,,,,,,,
Ping,,,,,,0x0158,,,0x262,,,,
,,,,,,,,,,,,,
SetSearchInfoHandler,0x035D,0x0231,0x03B1,0x01A1,0x031A,0x00F5,0x02BB,0x01BB,0x01AB,,,,
,,,,,,,,,,,,,
TripleTriadPlaceCardSend,0x02F4,0x01D4,,,,0x02AB,,,,,,,
,,,,,,,,,,,,,
TripleTriadSelectDeck,0x00C1,0x02D1,,,,0x0207,,,,,,,
,,,,,,,,,,,,,
UpdatePositionHandler,0x0184,0x025E,0x0346,0x03CA,0x021B,0x009A,0x0147,0x0274,0x013D,0x0323,0x3e7,0x0324,0x0315
,,,,,,,,,,,,,
UpdatePositionInstance,0x0262,0x0310,0x0163,0x038D,0x00A3,0x030A,0x0209,0x0169,0x01B0,0x00B4,0x225,0x032C,0x0320
